date,hashrate_THs,blk
03-01-09 0:00,4.97E-08,0
06-01-09 0:00,0,0
09-01-09 0:00,6.96E-07,19
12-01-09 0:00,4.42E-06,267
15-01-09 0:00,6.31E-06,645
18-01-09 0:00,5.02E-06,969
21-01-09 0:00,5.62E-06,1300
24-01-09 0:00,9.89E-06,1676
27-01-09 0:00,5.12E-06,2060
30-01-09 0:00,6.01E-06,2410
02-02-09 0:00,6.31E-06,2789
05-02-09 0:00,6.01E-06,3173
08-02-09 0:00,6.66E-06,3556
11-02-09 0:00,6.51E-06,3943
14-02-09 0:00,7.01E-06,4322
17-02-09 0:00,5.87E-06,4689
20-02-09 0:00,6.36E-06,5053
23-02-09 0:00,5.32E-06,5396
26-02-09 0:00,4.77E-06,5714
01-03-09 0:00,5.27E-06,6033
04-03-09 0:00,5.27E-06,6350
07-03-09 0:00,5.52E-06,6688
10-03-09 0:00,5.22E-06,7018
13-03-09 0:00,5.67E-06,7363
16-03-09 0:00,6.46E-06,7717
19-03-09 0:00,6.06E-06,8067
22-03-09 0:00,4.72E-06,8354
25-03-09 0:00,5.77E-06,8706
28-03-09 0:00,5.92E-06,9048
31-03-09 0:00,5.62E-06,9394
03-04-09 0:00,5.62E-06,9739
06-04-09 0:00,5.72E-06,10091
09-04-09 0:00,4.92E-06,10395
12-04-09 0:00,5.72E-06,10741
15-04-09 0:00,5.57E-06,11093
18-04-09 0:00,6.06E-06,11454
21-04-09 0:00,6.11E-06,11815
24-04-09 0:00,5.62E-06,12126
27-04-09 0:00,5.22E-06,12460
30-04-09 0:00,6.56E-06,12836
03-05-09 0:00,5.67E-06,13189
06-05-09 0:00,6.81E-06,13587
09-05-09 0:00,4.52E-06,13894
12-05-09 0:00,6.31E-06,14229
15-05-09 0:00,7.11E-06,14615
18-05-09 0:00,6.16E-06,14979
21-05-09 0:00,4.42E-06,15267
24-05-09 0:00,4.77E-06,15460
27-05-09 0:00,6.21E-06,15813
30-05-09 0:00,5.12E-06,16123
02-06-09 0:00,4.42E-06,16401
05-06-09 0:00,2.83E-06,16568
08-06-09 0:00,3.58E-06,16694
11-06-09 0:00,4.62E-06,16956
14-06-09 0:00,3.48E-06,17192
17-06-09 0:00,3.83E-06,17426
20-06-09 0:00,4.18E-06,17671
23-06-09 0:00,3.78E-06,17904
26-06-09 0:00,4.42E-06,18157
29-06-09 0:00,3.78E-06,18370
02-07-09 0:00,3.58E-06,18612
05-07-09 0:00,3.98E-06,18862
08-07-09 0:00,3.93E-06,19089
11-07-09 0:00,4.18E-06,19339
14-07-09 0:00,3.58E-06,19563
17-07-09 0:00,3.23E-06,19726
20-07-09 0:00,3.73E-06,19870
23-07-09 0:00,3.28E-06,20088
26-07-09 0:00,6.46E-07,20214
29-07-09 0:00,1.59E-06,20348
01-08-09 0:00,1.14E-06,20408
04-08-09 0:00,2.88E-06,20524
07-08-09 0:00,3.68E-06,20781
10-08-09 0:00,4.08E-06,21037
13-08-09 0:00,4.03E-06,21255
16-08-09 0:00,1.24E-06,21363
19-08-09 0:00,7.46E-07,21408
22-08-09 0:00,3.98E-07,21451
25-08-09 0:00,2.73E-06,21531
28-08-09 0:00,3.18E-06,21683
31-08-09 0:00,4.67E-06,21944
03-09-09 0:00,2.98E-06,22149
06-09-09 0:00,3.58E-06,22357
09-09-09 0:00,2.88E-06,22558
12-09-09 0:00,3.53E-06,22761
15-09-09 0:00,2.78E-06,22954
18-09-09 0:00,4.03E-06,23188
21-09-09 0:00,3.68E-06,23409
24-09-09 0:00,4.08E-06,23567
27-09-09 0:00,4.42E-06,23845
30-09-09 0:00,4.32E-06,24103
03-10-09 0:00,2.88E-06,24315
06-10-09 0:00,2.04E-06,24466
09-10-09 0:00,3.88E-06,24675
12-10-09 0:00,3.08E-06,24884
15-10-09 0:00,4.23E-06,25081
18-10-09 0:00,3.18E-06,25272
21-10-09 0:00,4.13E-06,25559
24-10-09 0:00,3.73E-06,25800
27-10-09 0:00,3.28E-06,26011
30-10-09 0:00,3.03E-06,26183
02-11-09 0:00,1.64E-06,26287
05-11-09 0:00,3.18E-06,26469
08-11-09 0:00,3.48E-06,26673
11-11-09 0:00,3.43E-06,26879
14-11-09 0:00,4.13E-06,27104
17-11-09 0:00,4.52E-06,27389
20-11-09 0:00,4.08E-06,27624
23-11-09 0:00,4.77E-06,27899
26-11-09 0:00,3.88E-06,28166
29-11-09 0:00,2.88E-06,28371
02-12-09 0:00,4.87E-06,28613
05-12-09 0:00,2.58E-06,28801
08-12-09 0:00,5.92E-06,29121
11-12-09 0:00,6.21E-06,29433
14-12-09 0:00,5.37E-06,29759
17-12-09 0:00,8.00E-06,30174
20-12-09 0:00,8.70E-06,30772
23-12-09 0:00,8.40E-06,31263
26-12-09 0:00,7.90E-06,31740
29-12-09 0:00,8.15E-06,32215
01-01-10 0:00,7.00E-06,32626
04-01-10 0:00,1.12E-05,33119
07-01-10 0:00,9.35E-06,33634
10-01-10 0:00,1.12E-05,34128
13-01-10 0:00,1.03E-05,34610
16-01-10 0:00,8.69E-06,35019
19-01-10 0:00,7.72E-06,35399
22-01-10 0:00,9.73E-06,35865
25-01-10 0:00,1.36E-05,36390
28-01-10 0:00,1.16E-05,36926
31-01-10 0:00,1.38E-05,37498
03-02-10 0:00,1.62E-05,38097
06-02-10 0:00,1.73E-05,38741
09-02-10 0:00,1.89E-05,39365
12-02-10 0:00,1.69E-05,39885
15-02-10 0:00,2.32E-05,40501
18-02-10 0:00,2.88E-05,41143
21-02-10 0:00,2.69E-05,41766
24-02-10 0:00,3.57E-05,42447
27-02-10 0:00,3.25E-05,42945
02-03-10 0:00,3.68E-05,43484
05-03-10 0:00,3.29E-05,43992
08-03-10 0:00,3.06E-05,44473
11-03-10 0:00,3.29E-05,44914
14-03-10 0:00,2.82E-05,45313
17-03-10 0:00,2.77E-05,45710
20-03-10 0:00,4.35E-05,46195
23-03-10 0:00,4.65E-05,46764
26-03-10 0:00,4.43E-05,47319
29-03-10 0:00,4.36E-05,47878
01-04-10 0:00,5.72E-05,48470
04-04-10 0:00,5.02E-05,48958
07-04-10 0:00,5.84E-05,49463
10-04-10 0:00,7.26E-05,50095
13-04-10 0:00,6.41E-05,50710
16-04-10 0:00,7.85E-05,51308
19-04-10 0:00,8.44E-05,52006
22-04-10 0:00,0.000100871,52589
25-04-10 0:00,9.63E-05,53065
28-04-10 0:00,9.97E-05,53589
01-05-10 0:00,9.29E-05,54063
04-05-10 0:00,8.30E-05,54513
07-05-10 0:00,8.37E-05,54931
10-05-10 0:00,8.75E-05,55356
13-05-10 0:00,8.30E-05,55722
16-05-10 0:00,6.13E-05,56049
19-05-10 0:00,0.000103475,56524
22-05-10 0:00,0.000113065,57098
25-05-10 0:00,0.000126609,57707
28-05-10 0:00,0.000128965,58345
31-05-10 0:00,0.000125573,58820
03-06-10 0:00,0.000129704,59254
06-06-10 0:00,0.000124747,59672
09-06-10 0:00,0.000133834,60157
12-06-10 0:00,0.000118373,60620
15-06-10 0:00,0.000169352,61137
18-06-10 0:00,0.000127878,61575
21-06-10 0:00,0.000139974,62064
24-06-10 0:00,0.00017556,62576
27-06-10 0:00,0.000153374,63063
30-06-10 0:00,0.00017749,63566
03-07-10 0:00,0.000192924,64156
06-07-10 0:00,0.000196267,64670
09-07-10 0:00,0.0002208,65176
12-07-10 0:00,0.000599314,66212
15-07-10 0:00,0.001407832,68106
18-07-10 0:00,0.001615397,68956
21-07-10 0:00,0.001822962,69518
24-07-10 0:00,0.001669545,70077
27-07-10 0:00,0.002124483,70717
30-07-10 0:00,0.002209463,71238
02-08-10 0:00,0.003083536,71922
05-08-10 0:00,0.002962137,72610
08-08-10 0:00,0.003361158,73111
11-08-10 0:00,0.003798808,73725
14-08-10 0:00,0.004569073,74438
17-08-10 0:00,0.003332692,74921
20-08-10 0:00,0.004248547,75382
23-08-10 0:00,0.005520567,75980
26-08-10 0:00,0.005291603,76621
29-08-10 0:00,0.00489622,77124
01-09-10 0:00,0.005454017,77614
04-09-10 0:00,0.005546983,78115
07-09-10 0:00,0.004679299,78598
10-09-10 0:00,0.006059847,79075
13-09-10 0:00,0.005811783,79583
16-09-10 0:00,0.006733163,80174
19-09-10 0:00,0.009581379,80828
22-09-10 0:00,0.007893231,81377
25-09-10 0:00,0.009216374,82046
28-09-10 0:00,0.009855133,82692
01-10-10 0:00,0.010226025,83156
04-10-10 0:00,0.010094922,83531
07-10-10 0:00,0.0113404,83988
10-10-10 0:00,0.011274848,84478
13-10-10 0:00,0.011576864,84968
16-10-10 0:00,0.016372014,85608
19-10-10 0:00,0.016646023,86383
22-10-10 0:00,0.016344753,86987
25-10-10 0:00,0.022433975,87570
28-10-10 0:00,0.022968118,88243
31-10-10 0:00,0.027971776,88897
03-11-10 0:00,0.030891906,89440
06-11-10 0:00,0.031045597,90078
09-11-10 0:00,0.054120808,90811
12-11-10 0:00,0.038561076,91402
15-11-10 0:00,0.049836244,92081
18-11-10 0:00,0.059307385,92782
21-11-10 0:00,0.046082977,93188
24-11-10 0:00,0.063150746,93668
27-11-10 0:00,0.062468035,94223
30-11-10 0:00,0.084329546,94806
03-12-10 0:00,0.077101299,95371
06-12-10 0:00,0.096376623,96080
09-12-10 0:00,0.100392316,96780
12-12-10 0:00,0.105974737,97273
15-12-10 0:00,0.109019988,97781
18-12-10 0:00,0.096229933,98281
21-12-10 0:00,0.119982892,98820
24-12-10 0:00,0.108001742,99270
27-12-10 0:00,0.11592187,99749
30-12-10 0:00,0.115201859,100252
02-01-11 0:00,0.129602091,100770
05-01-11 0:00,0.121596944,101221
08-01-11 0:00,0.155644088,101696
11-01-11 0:00,0.131324699,102193
14-01-11 0:00,0.141052455,102729
17-01-11 0:00,0.158561467,103241
20-01-11 0:00,0.153978766,103737
23-01-11 0:00,0.155811847,104246
26-01-11 0:00,0.178725353,104770
29-01-11 0:00,0.164136212,105249
01-02-11 0:00,0.195869213,105739
04-02-11 0:00,0.207905868,106251
07-02-11 0:00,0.225413731,106810
10-02-11 0:00,0.244256346,107356
13-02-11 0:00,0.263641771,107936
16-02-11 0:00,0.298535534,108589
19-02-11 0:00,0.318987823,109193
22-02-11 0:00,0.384235332,109796
25-02-11 0:00,0.40235964,110471
28-02-11 0:00,0.461482779,111141
03-03-11 0:00,0.505696698,111625
06-03-11 0:00,0.746109882,112397
09-03-11 0:00,0.598433793,112955
12-03-11 0:00,0.518895124,113335
15-03-11 0:00,0.367392898,113676
18-03-11 0:00,0.52268268,114073
21-03-11 0:00,0.587071126,114473
24-03-11 0:00,0.575708459,114901
27-03-11 0:00,0.524622354,115355
30-03-11 0:00,0.534909066,115842
02-04-11 0:00,0.648062907,116399
05-04-11 0:00,0.692638663,116946
08-04-11 0:00,0.638574171,117407
11-04-11 0:00,0.630387322,117899
14-04-11 0:00,0.66722814,118416
17-04-11 0:00,0.728629503,118905
20-04-11 0:00,0.661049805,119351
23-04-11 0:00,0.78040602,119846
26-04-11 0:00,0.885990364,120395
29-04-11 0:00,0.927305976,120942
02-05-11 0:00,0.970408278,121507
05-05-11 0:00,1.242994872,122119
08-05-11 0:00,1.123056771,122770
11-05-11 0:00,1.463314603,123383
14-05-11 0:00,1.940652521,124001
17-05-11 0:00,2.034555063,124725
20-05-11 0:00,2.71821706,125404
23-05-11 0:00,3.361366632,126162
26-05-11 0:00,3.858897433,127064
29-05-11 0:00,3.739888948,127566
01-06-11 0:00,3.847978224,128058
04-06-11 0:00,4.669456721,128674
07-06-11 0:00,4.765651499,129285
10-06-11 0:00,6.373001413,129915
13-06-11 0:00,6.908784718,130627
16-06-11 0:00,8.762322509,131333
19-06-11 0:00,9.547008107,131939
22-06-11 0:00,11.77028397,132686
25-06-11 0:00,10.3525631,133285
28-06-11 0:00,10.48968314,133763
01-07-11 0:00,12.34080369,134299
04-07-11 0:00,11.24384337,134803
07-07-11 0:00,10.56700187,135230
10-07-11 0:00,11.18859021,135681
13-07-11 0:00,14.21883339,136170
16-07-11 0:00,12.35406836,136633
19-07-11 0:00,12.74256107,137115
22-07-11 0:00,12.01984874,137567
25-07-11 0:00,13.19661715,138044
28-07-11 0:00,14.03716601,138549
31-07-11 0:00,14.1212209,139040
03-08-11 0:00,14.92884333,139516
06-08-11 0:00,11.64261995,139907
09-08-11 0:00,12.48764882,140315
12-08-11 0:00,12.86321721,140735
15-08-11 0:00,13.42656978,141126
18-08-11 0:00,14.18237632,141553
21-08-11 0:00,13.01547194,141996
24-08-11 0:00,11.75880568,142454
27-08-11 0:00,11.75880568,142858
30-08-11 0:00,13.91309069,143258
02-09-11 0:00,14.31653111,143698
05-09-11 0:00,13.60954192,144133
08-09-11 0:00,11.04670611,144549
11-09-11 0:00,12.19556354,144961
14-09-11 0:00,13.26392523,145382
17-09-11 0:00,10.73330792,145791
20-09-11 0:00,12.12951057,146216
23-09-11 0:00,11.69319724,146643
26-09-11 0:00,11.95498524,147043
29-09-11 0:00,11.25295401,147448
02-10-11 0:00,11.00102221,147834
05-10-11 0:00,11.50488582,148236
08-10-11 0:00,10.83306767,148621
11-10-11 0:00,8.901590487,148964
14-10-11 0:00,11.16897674,149320
17-10-11 0:00,8.247236133,149691
20-10-11 0:00,7.517392227,150059
23-10-11 0:00,7.663361008,150386
26-10-11 0:00,7.955298571,150759
29-10-11 0:00,8.685142476,151077
01-11-11 0:00,8.73436486,151469
04-11-11 0:00,8.554891609,151895
07-11-11 0:00,7.836998607,152317
10-11-11 0:00,8.674540443,152768
13-11-11 0:00,8.794189277,153174
16-11-11 0:00,7.884158164,153617
19-11-11 0:00,7.647040625,154012
22-11-11 0:00,8.002716933,154413
25-11-11 0:00,7.70632001,154795
28-11-11 0:00,7.350643702,155156
01-12-11 0:00,10.03065755,155638
04-12-11 0:00,7.428108565,156072
07-12-11 0:00,7.97030627,156539
10-12-11 0:00,8.512503976,156994
13-12-11 0:00,7.406827445,157405
16-12-11 0:00,7.11974111,157788
19-12-11 0:00,8.670007319,158241
22-12-11 0:00,7.923582848,158672
25-12-11 0:00,9.99060446,159133
28-12-11 0:00,8.649061209,159610
31-12-11 0:00,9.283325697,160041
03-01-12 0:00,9.340986105,160504
06-01-12 0:00,9.80226937,160971
09-01-12 0:00,10.01025622,161482
12-01-12 0:00,10.32113374,161931
15-01-12 0:00,9.20197466,162360
18-01-12 0:00,8.828921633,162820
21-01-12 0:00,11.1294153,163279
24-01-12 0:00,8.77601647,163724
27-01-12 0:00,9.036046588,164151
30-01-12 0:00,10.79124988,164635
02-02-12 0:00,10.59622729,165085
05-02-12 0:00,9.327239883,165542
08-02-12 0:00,9.052909298,165970
11-02-12 0:00,9.464405175,166403
14-02-12 0:00,9.327239883,166836
17-02-12 0:00,9.73873576,167260
20-02-12 0:00,9.988788097,167729
23-02-12 0:00,11.49394795,168183
26-02-12 0:00,10.39928624,168647
29-02-12 0:00,12.72544237,169140
03-03-12 0:00,8.855409941,169538
06-03-12 0:00,11.01345102,169957
09-03-12 0:00,12.35292479,170435
12-03-12 0:00,12.57617042,170900
15-03-12 0:00,9.599562037,171318
18-03-12 0:00,11.61897621,171801
21-03-12 0:00,12.06585992,172262
24-03-12 0:00,12.81066608,172730
27-03-12 0:00,11.02313128,173194
30-03-12 0:00,12.12846182,173639
02-04-12 0:00,10.26876434,174067
05-04-12 0:00,9.621913043,174454
08-04-12 0:00,11.80503617,174869
11-04-12 0:00,11.56246693,175303
14-04-12 0:00,10.43232114,175692
17-04-12 0:00,11.13826769,176084
20-04-12 0:00,12.15796825,176525
23-04-12 0:00,11.60889871,176954
26-04-12 0:00,12.07952974,177374
29-04-12 0:00,12.44873829,177840
02-05-12 0:00,11.5488295,178339
05-05-12 0:00,11.6988143,178824
08-05-12 0:00,13.94858628,179334
11-05-12 0:00,10.59746018,179772
14-05-12 0:00,12.32062444,180179
17-05-12 0:00,10.16666911,180546
20-05-12 0:00,12.23446622,180978
23-05-12 0:00,10.42514375,181349
26-05-12 0:00,10.67752332,181737
29-05-12 0:00,10.75661609,182164
01-06-12 0:00,11.94300757,182585
04-06-12 0:00,11.94300757,183053
07-06-12 0:00,9.965688435,183492
10-06-12 0:00,13.3790336,183970
13-06-12 0:00,12.74943202,184416
16-06-12 0:00,12.59203163,184887
19-06-12 0:00,14.32343598,185373
22-06-12 0:00,12.10176058,185792
25-06-12 0:00,13.13169765,186241
28-06-12 0:00,11.58679204,186690
01-07-12 0:00,11.84427631,187110
04-07-12 0:00,13.84337907,187572
07-07-12 0:00,14.80109712,188037
10-07-12 0:00,13.14685686,188503
13-07-12 0:00,14.01750963,188950
16-07-12 0:00,12.88566102,189401
19-07-12 0:00,13.26737055,189863
22-07-12 0:00,12.89625529,190307
25-07-12 0:00,14.28793751,190769
28-07-12 0:00,15.77239855,191269
31-07-12 0:00,13.46538137,191741
03-08-12 0:00,17.51512013,192202
06-08-12 0:00,14.27532912,192637
09-08-12 0:00,16.09771157,193137
12-08-12 0:00,18.40554294,193620
15-08-12 0:00,18.62336001,194104
18-08-12 0:00,16.11846364,194547
21-08-12 0:00,19.7124454,195076
24-08-12 0:00,16.98973194,195545
27-08-12 0:00,18.07742531,196007
30-08-12 0:00,19.16935033,196480
02-09-12 0:00,18.56272532,196945
05-09-12 0:00,21.83850037,197435
08-09-12 0:00,18.74905902,197919
11-09-12 0:00,21.15965232,198373
14-09-12 0:00,21.69533972,198820
17-09-12 0:00,23.57024562,199293
20-09-12 0:00,20.92944794,199753
23-09-12 0:00,21.21420234,200237
26-09-12 0:00,20.35993916,200669
29-09-12 0:00,23.91936908,201156
02-10-12 0:00,19.36329878,201592
05-10-12 0:00,20.65110469,201992
08-10-12 0:00,25.20649543,202450
11-10-12 0:00,20.9547974,202879
14-10-12 0:00,20.9547974,203303
17-10-12 0:00,21.53435778,203769
20-10-12 0:00,21.07617995,204219
23-10-12 0:00,20.92345401,204667
26-10-12 0:00,24.58887661,205137
29-10-12 0:00,24.13069879,205636
01-11-12 0:00,22.17516038,206060
04-11-12 0:00,26.28167156,206506
07-11-12 0:00,25.78889022,206958
10-11-12 0:00,26.28167156,207408
13-11-12 0:00,22.77487591,207827
16-11-12 0:00,23.61218753,208251
19-11-12 0:00,20.59786571,208683
22-11-12 0:00,24.61696146,209126
25-11-12 0:00,23.61218753,209586
28-11-12 0:00,28.89039649,210063
01-12-12 0:00,27.35185466,210521
04-12-12 0:00,18.97534917,210923
07-12-12 0:00,21.19768736,211311
10-12-12 0:00,24.27477101,211718
13-12-12 0:00,22.78443985,212123
16-12-12 0:00,19.26625428,212456
19-12-12 0:00,23.95716837,212857
22-12-12 0:00,24.12470102,213242
25-12-12 0:00,20.60651545,213620
28-12-12 0:00,26.06886297,214099
31-12-12 0:00,24.88391466,214567
03-01-13 0:00,23.69896634,215044
06-01-13 0:00,21.03283263,215483
09-01-13 0:00,21.64582213,215914
12-01-13 0:00,19.22278234,216300
15-01-13 0:00,20.51507022,216711
18-01-13 0:00,20.19199825,217074
21-01-13 0:00,23.58425396,217490
24-01-13 0:00,23.90732593,217916
27-01-13 0:00,22.43195058,218360
30-01-13 0:00,21.39890022,218818
02-02-13 0:00,23.76015818,219311
05-02-13 0:00,28.00576717,219828
08-02-13 0:00,24.74928262,220279
11-02-13 0:00,25.88905221,220742
14-02-13 0:00,26.70317335,221203
17-02-13 0:00,30.28530636,221759
20-02-13 0:00,31.39824966,222272
23-02-13 0:00,29.40182916,222782
26-02-13 0:00,28.13137975,223308
01-03-13 0:00,34.30627041,223821
04-03-13 0:00,37.9974514,224306
07-03-13 0:00,33.00350064,224760
10-03-13 0:00,40.16873434,225272
13-03-13 0:00,33.43775723,225728
16-03-13 0:00,42.41210107,226254
19-03-13 0:00,47.47263586,226823
22-03-13 0:00,54.22001557,227481
25-03-13 0:00,45.26778087,228031
28-03-13 0:00,59.58038805,228496
31-03-13 0:00,52.25765879,229012
03-04-13 0:00,59.24753672,229566
06-04-13 0:00,64.07971834,230041
09-04-13 0:00,64.07971834,230536
12-04-13 0:00,65.98685282,231060
15-04-13 0:00,61.02830318,231544
18-04-13 0:00,72.71669197,232039
21-04-13 0:00,77.62395339,232506
24-04-13 0:00,78.07006806,232989
27-04-13 0:00,70.93223327,233479
30-04-13 0:00,74.63339018,233979
03-05-13 0:00,73.63159971,234401
06-05-13 0:00,81.64592348,234891
09-05-13 0:00,83.14860919,235388
12-05-13 0:00,89.15935203,235910
15-05-13 0:00,81.74987297,236379
18-05-13 0:00,81.74987297,236837
21-05-13 0:00,82.86211614,237273
24-05-13 0:00,90.09169674,237772
27-05-13 0:00,103.9136922,238276
30-05-13 0:00,102.101244,238781
02-06-13 0:00,123.2464721,239368
05-06-13 0:00,156.7035621,239978
08-06-13 0:00,130.327715,240501
11-06-13 0:00,136.5337967,241014
14-06-13 0:00,133.4307558,241583
17-06-13 0:00,148.0494004,242086
20-06-13 0:00,140.3585225,242516
23-06-13 0:00,169.1993148,243025
26-06-13 0:00,181.6969915,243506
29-06-13 0:00,170.754179,244011
02-07-13 0:00,166.5118392,244474
05-07-13 0:00,187.7235384,245009
08-07-13 0:00,197.2688031,245574
11-07-13 0:00,249.7082121,246128
14-07-13 0:00,211.9918675,246611
17-07-13 0:00,219.7952492,247123
20-07-13 0:00,243.205394,247641
23-07-13 0:00,225.2998321,248146
26-07-13 0:00,276.5749663,248615
29-07-13 0:00,257.929463,249142
01-08-13 0:00,287.4515099,249706
04-08-13 0:00,317.8555672,250247
07-08-13 0:00,327.1495897,250812
10-08-13 0:00,369.9020929,251422
13-08-13 0:00,484.9527656,252037
16-08-13 0:00,434.4368525,252543
19-08-13 0:00,449.5916264,253104
22-08-13 0:00,525.365496,253706
25-08-13 0:00,467.3888102,254236
28-08-13 0:00,545.8316874,254749
31-08-13 0:00,702.7174419,255366
03-09-13 0:00,604.6638454,255996
06-09-13 0:00,821.0781131,256523
09-09-13 0:00,834.0425044,257028
12-09-13 0:00,898.8644606,257632
15-09-13 0:00,1024.579581,258235
18-09-13 0:00,845.4181239,258733
21-09-13 0:00,1046.974763,259312
24-09-13 0:00,1125.3579,259937
27-09-13 0:00,1302.020289,260483
30-09-13 0:00,1213.246178,260993
03-10-13 0:00,1538.75125,261570
06-10-13 0:00,1900.662831,262154
09-10-13 0:00,1721.887615,262650
12-10-13 0:00,1853.616722,263241
15-10-13 0:00,2333.487041,263972
18-10-13 0:00,2302.45572,264541
21-10-13 0:00,2675.107513,265174
24-10-13 0:00,2781.579453,265855
27-10-13 0:00,3439.672053,266451
30-10-13 0:00,3808.902386,266981
02-11-13 0:00,4216.99907,267602
05-11-13 0:00,3303.639825,268163
08-11-13 0:00,3377.99452,268604
11-11-13 0:00,4952.698733,269110
14-11-13 0:00,4292.338902,269662
17-11-13 0:00,5847.426832,270208
20-11-13 0:00,4938.500381,270689
23-11-13 0:00,4908.202833,271181
26-11-13 0:00,4968.79793,271681
29-11-13 0:00,6505.60945,272208
02-12-13 0:00,5731.969408,272738
05-12-13 0:00,6013.29306,273279
08-12-13 0:00,6294.616711,273877
11-12-13 0:00,7134.389874,274410
14-12-13 0:00,9030.873258,274945
17-12-13 0:00,8895.410159,275526
20-12-13 0:00,9121.181991,276129
23-12-13 0:00,9333.937661,276630
26-12-13 0:00,10508.01787,277141
29-12-13 0:00,8805.601567,277643
01-01-14 0:00,11740.80209,278205
04-01-14 0:00,10435.93771,278641
07-01-14 0:00,13185.94832,279197
10-01-14 0:00,14243.64471,279784
13-01-14 0:00,18058.64887,280370
16-01-14 0:00,17791.77229,280901
19-01-14 0:00,16368.43051,281396
22-01-14 0:00,16902.18368,281949
25-01-14 0:00,16903.79922,282480
28-01-14 0:00,18103.42368,282960
31-01-14 0:00,20066.44552,283472
03-02-14 0:00,21157.01322,284028
06-02-14 0:00,21761.8906,284550
09-02-14 0:00,19676.91905,285025
12-02-14 0:00,21761.8906,285523
15-02-14 0:00,23455.92999,286079
18-02-14 0:00,25980.5117,286592
21-02-14 0:00,26136.08362,287121
24-02-14 0:00,28314.09059,287660
27-02-14 0:00,28314.09059,288193
02-03-14 0:00,28262.41817,288658
05-03-14 0:00,30538.58608,289111
08-03-14 0:00,33194.1153,289618
11-03-14 0:00,31866.35069,290114
14-03-14 0:00,29367.84755,290591
17-03-14 0:00,37607.74722,291088
20-03-14 0:00,35283.67296,291571
23-03-14 0:00,43312.29315,292141
26-03-14 0:00,39324.9976,292645
29-03-14 0:00,42560.59867,293167
01-04-14 0:00,44551.73779,293658
04-04-14 0:00,50027.37037,294254
07-04-14 0:00,44415.13216,294727
10-04-14 0:00,53237.31594,295177
13-04-14 0:00,60538.43356,295694
16-04-14 0:00,45327.77186,296228
19-04-14 0:00,56547.98442,296716
22-04-14 0:00,53425.70307,297219
25-04-14 0:00,56894.90457,297717
28-04-14 0:00,57588.74487,298209
01-05-14 0:00,66817.88587,298693
04-05-14 0:00,60454.27769,299147
07-05-14 0:00,64829.25832,299625
10-05-14 0:00,70397.41547,300141
13-05-14 0:00,74817.97102,300619
16-05-14 0:00,80099.23956,301121
19-05-14 0:00,77898.711,301634
22-05-14 0:00,73497.65388,302158
25-05-14 0:00,78483.25676,302638
28-05-14 0:00,91996.9301,303101
31-05-14 0:00,79003.01342,303556
03-06-14 0:00,97714.25344,304102
06-06-14 0:00,86494.36212,304574
09-06-14 0:00,79481.30574,305021
12-06-14 0:00,90585.31168,305506
15-06-14 0:00,108702.374,306037
18-06-14 0:00,113768.8429,306567
21-06-14 0:00,126484.1841,307106
24-06-14 0:00,132507.2405,307650
27-06-14 0:00,125145.7271,308205
30-06-14 0:00,104506.2812,308676
03-07-14 0:00,111194.6832,309085
06-07-14 0:00,124571.4872,309545
09-07-14 0:00,132931.9897,310011
12-07-14 0:00,137948.2912,310473
15-07-14 0:00,118927.4328,310927
18-07-14 0:00,137025.0856,311415
21-07-14 0:00,128407.1557,311902
24-07-14 0:00,128407.1557,312333
27-07-14 0:00,149954.3634,312783
30-07-14 0:00,162993.8733,313254
02-08-14 0:00,157405.5119,313728
05-08-14 0:00,122943.9502,314145
08-08-14 0:00,157903.3291,314627
11-08-14 0:00,178499.4155,315168
14-08-14 0:00,166730.2233,315667
17-08-14 0:00,161826.3932,316160
20-08-14 0:00,187281.3463,316713
23-08-14 0:00,186096.0214,317197
26-08-14 0:00,196763.9462,317653
29-08-14 0:00,196763.9462,318165
01-09-14 0:00,204522.6957,318671
04-09-14 0:00,227701.9345,319145
07-09-14 0:00,223611.4806,319624
10-09-14 0:00,212703.6035,320071
13-09-14 0:00,241336.7809,320576
16-09-14 0:00,250600.6489,321063
19-09-14 0:00,240220.7404,321599
22-09-14 0:00,232806.52,322107
25-09-14 0:00,241703.5845,322585
28-09-14 0:00,239501.0072,322983
01-10-14 0:00,249839.1801,323428
04-10-14 0:00,246393.1225,323866
07-10-14 0:00,260177.3531,324330
10-10-14 0:00,276657.2683,324777
13-10-14 0:00,266217.3713,325224
16-10-14 0:00,260997.4229,325655
19-10-14 0:00,233157.6978,326094
22-10-14 0:00,297537.0621,326543
25-10-14 0:00,271906.0938,327008
28-10-14 0:00,268328.3821,327430
31-10-14 0:00,336304.9055,327943
03-11-14 0:00,277272.6615,328426
06-11-14 0:00,285462.7945,328880
09-11-14 0:00,273650.541,329333
12-11-14 0:00,265775.7052,329756
15-11-14 0:00,295306.3392,330195
18-11-14 0:00,295306.3392,330643
21-11-14 0:00,248412.3463,331049
24-11-14 0:00,310515.4329,331492
27-11-14 0:00,262435.624,331902
30-11-14 0:00,312518.7583,332367
03-12-14 0:00,242402.3702,332763
06-12-14 0:00,288373.4095,333202
09-12-14 0:00,276440.7167,333633
12-12-14 0:00,282407.0631,334065
15-12-14 0:00,304283.6666,334493
18-12-14 0:00,272641.7557,334893
21-12-14 0:00,284410.4645,335296
24-12-14 0:00,296179.1734,335763
27-12-14 0:00,313832.2367,336225
30-12-14 0:00,286371.916,336713
02-01-15 0:00,323243.6531,337195
05-01-15 0:00,339405.8358,337685
08-01-15 0:00,272736.8323,338130
11-01-15 0:00,296980.1063,338572
14-01-15 0:00,330062.3197,338986
17-01-15 0:00,299460.5152,339414
20-01-15 0:00,262301.1812,339829
23-01-15 0:00,271044.5539,340237
26-01-15 0:00,277602.0835,340615
29-01-15 0:00,348786.5672,341092
01-02-15 0:00,348786.5672,341551
04-02-15 0:00,330321.396,341996
07-02-15 0:00,352889.9386,342491
10-02-15 0:00,331483.6071,342928
13-02-15 0:00,309384.7,343351
16-02-15 0:00,349162.7328,343808
19-02-15 0:00,362422.0771,344290
22-02-15 0:00,333693.4978,344741
25-02-15 0:00,362028.0977,345171
28-02-15 0:00,313293.5461,345615
03-03-15 0:00,357386.7119,346071
06-03-15 0:00,366669.4836,346491
09-03-15 0:00,311208.0239,346931
12-03-15 0:00,313565.6604,347368
15-03-15 0:00,346572.572,347788
18-03-15 0:00,332426.7528,348208
21-03-15 0:00,337142.0259,348632
24-03-15 0:00,387831.1122,349092
27-03-15 0:00,399442.8222,349573
30-03-15 0:00,329772.5625,350016
02-04-15 0:00,341384.2724,350464
05-04-15 0:00,371157.0054,350911
08-04-15 0:00,292501.2162,351314
11-04-15 0:00,336745.0976,351739
14-04-15 0:00,388362.9593,352172
17-04-15 0:00,329371.1174,352558
20-04-15 0:00,408026.9066,353003
23-04-15 0:00,326609.2919,353438
26-04-15 0:00,352643.3659,353869
29-04-15 0:00,305308.6859,354286
02-05-15 0:00,347909.8979,354715
05-05-15 0:00,364728.3889,355138
08-05-15 0:00,350518.1919,355590
11-05-15 0:00,352886.5581,356006
14-05-15 0:00,331571.2626,356472
17-05-15 0:00,419738.3697,356922
20-05-15 0:00,344525.1358,357341
23-05-15 0:00,291148.0021,357746
26-05-15 0:00,327541.5024,358177
29-05-15 0:00,380918.6361,358601
01-06-15 0:00,332393.9691,359017
04-06-15 0:00,335928.1799,359450
07-06-15 0:00,395070.4651,359915
10-06-15 0:00,373779.2424,360392
13-06-15 0:00,373779.2424,360828
16-06-15 0:00,303837.2967,361238
19-06-15 0:00,397705.7298,361699
22-06-15 0:00,365592.8448,362110
25-06-15 0:00,395235.5079,362558
28-06-15 0:00,363122.6229,362982
01-07-15 0:00,356089.185,363402
04-07-15 0:00,380647.0598,363869
07-07-15 0:00,363456.5474,364326
10-07-15 0:00,383102.8473,364774
13-07-15 0:00,368157.8914,365205
16-07-15 0:00,345306.7119,365636
19-07-15 0:00,363079.8515,366084
22-07-15 0:00,373235.9313,366521
25-07-15 0:00,397611.6003,366984
28-07-15 0:00,369025.1454,367413
31-07-15 0:00,361228.8395,367850
03-08-15 0:00,382018.9886,368313
06-08-15 0:00,363827.6082,368725
09-08-15 0:00,353662.6557,369165
12-08-15 0:00,322225.9752,369620
15-08-15 0:00,351042.9323,370046
18-08-15 0:00,379859.8895,370472
21-08-15 0:00,403437.3998,370943
24-08-15 0:00,423446.5405,371390
27-08-15 0:00,401869.6467,371823
30-08-15 0:00,388384.0881,372288
02-09-15 0:00,415355.2053,372759
05-09-15 0:00,427538.3894,373208
08-09-15 0:00,393561.8286,373640
11-09-15 0:00,489828.7508,374118
14-09-15 0:00,450189.4299,374556
17-09-15 0:00,399224.5888,375002
20-09-15 0:00,353949.157,375402
23-09-15 0:00,442436.4463,375849
26-09-15 0:00,448335.5989,376300
29-09-15 0:00,510276.7014,376766
02-10-15 0:00,377880.2205,377201
05-10-15 0:00,447410.1811,377652
08-10-15 0:00,414156.7217,378067
11-10-15 0:00,453456.2646,378499
14-10-15 0:00,459502.3481,378930
17-10-15 0:00,396478.2309,379376
20-10-15 0:00,384372.0253,379814
23-10-15 0:00,466088.9126,380255
26-10-15 0:00,460035.8099,380719
29-10-15 0:00,458010.0135,381156
01-11-15 0:00,492051.2982,381627
04-11-15 0:00,479672.6492,382090
07-11-15 0:00,504429.9473,382533
10-11-15 0:00,442536.7022,382967
13-11-15 0:00,546646.8648,383456
16-11-15 0:00,576106.8755,383931
19-11-15 0:00,458266.8327,384369
22-11-15 0:00,569560.2064,384882
25-11-15 0:00,556720.6312,385349
28-11-15 0:00,527800.079,385812
01-12-15 0:00,694093.2545,386290
04-12-15 0:00,527800.079,386746
07-12-15 0:00,593762.3031,387227
10-12-15 0:00,770711.3338,387786
13-12-15 0:00,585897.9018,388250
16-12-15 0:00,660609.7147,388791
19-12-15 0:00,720030.5864,389272
22-12-15 0:00,654995.5657,389736
25-12-15 0:00,622478.0553,390193
28-12-15 0:00,747902.7381,390720
31-12-15 0:00,743604.4442,391186
03-01-16 0:00,769424.0429,391611
06-01-16 0:00,702293.0862,392090
09-01-16 0:00,821063.2404,392561
12-01-16 0:00,908849.8762,393076
15-01-16 0:00,693089.3552,393479
18-01-16 0:00,986102.7412,393945
21-01-16 0:00,755072.9561,394367
24-01-16 0:00,935388.8859,394893
27-01-16 0:00,918901.0182,395370
30-01-16 0:00,1056139.482,395872
02-02-16 0:00,978569.9154,396394
05-02-16 0:00,1074040.151,396929
08-02-16 0:00,1153414.864,397453
11-02-16 0:00,1375500.956,397985
14-02-16 0:00,1289532.147,398478
17-02-16 0:00,1002969.447,398923
20-02-16 0:00,1284099.851,399387
23-02-16 0:00,1097173.923,399778
26-02-16 0:00,1219082.137,400191
29-02-16 0:00,1097173.923,400605
03-03-16 0:00,1080919.495,401038
06-03-16 0:00,1094688.803,401491
09-03-16 0:00,1299450.738,401946
12-03-16 0:00,1141941.557,402405
15-03-16 0:00,1197069.77,402851
18-03-16 0:00,1135311.137,403280
21-03-16 0:00,1036588.429,403701
24-03-16 0:00,1242260.737,404145
27-03-16 0:00,1258714.521,404585
30-03-16 0:00,1308075.875,405059
02-04-16 0:00,1244135.057,405475
05-04-16 0:00,1235840.823,405938
08-04-16 0:00,1169486.954,406378
11-04-16 0:00,1252429.291,406866
14-04-16 0:00,1465554.23,407342
17-04-16 0:00,1358968.468,407777
20-04-16 0:00,1465554.23,408226
23-04-16 0:00,1279029.147,408664
26-04-16 0:00,1341204.175,409074
29-04-16 0:00,1403229.58,409496
02-05-16 0:00,1394348.38,409954
05-05-16 0:00,1385467.181,410427
08-05-16 0:00,1447635.58,410907
11-05-16 0:00,1284309.113,411369
14-05-16 0:00,1390530.167,411804
17-05-16 0:00,1361560.789,412225
20-05-16 0:00,1438812.464,412647
23-05-16 0:00,1747819.168,413152
26-05-16 0:00,1357376.357,413572
29-05-16 0:00,1456454.923,413991
01-06-16 0:00,1426731.353,414405
04-06-16 0:00,1179034.937,414804
07-06-16 0:00,1406915.64,415284
10-06-16 0:00,1403462.34,415737
13-06-16 0:00,1569148.866,416200
16-06-16 0:00,1452193.671,416633
19-06-16 0:00,1725089.126,417117
22-06-16 0:00,1343144.516,417559
25-06-16 0:00,1728387.516,417990
28-06-16 0:00,1551383.975,418431
01-07-16 0:00,1634679.759,418882
04-07-16 0:00,1601825.836,419336
07-07-16 0:00,1463920.3,419758
10-07-16 0:00,1654866.426,420208
13-07-16 0:00,1379055.355,420623
16-07-16 0:00,1665474.544,421056
19-07-16 0:00,1358434.534,421481
22-07-16 0:00,1369047.303,421893
25-07-16 0:00,1400885.613,422279
28-07-16 0:00,1453949.462,422672
31-07-16 0:00,1634366.548,423092
03-08-16 0:00,1686075.879,423565
06-08-16 0:00,1676039.713,424053
09-08-16 0:00,1254520.743,424473
12-08-16 0:00,1495388.726,424923
15-08-16 0:00,1577645.903,425395
18-08-16 0:00,1664092.254,425807
21-08-16 0:00,1761344.399,426279
24-08-16 0:00,1653286.46,426736
27-08-16 0:00,1556034.316,427142
30-08-16 0:00,1810682.895,427607
02-09-16 0:00,1678996.866,428034
05-09-16 0:00,1536337.002,428479
08-09-16 0:00,1580232.344,428911
11-09-16 0:00,1799709.059,429372
14-09-16 0:00,1751289.223,429856
17-09-16 0:00,1829872.714,430312
20-09-16 0:00,1717610.584,430741
23-09-16 0:00,1526764.964,431184
26-09-16 0:00,1834694.782,431688
29-09-16 0:00,1714780.091,432146
02-10-16 0:00,1690797.152,432586
05-10-16 0:00,2002575.351,433062
08-10-16 0:00,2171858.804,433535
11-10-16 0:00,1786321.738,433958
14-10-16 0:00,1747768.032,434366
17-10-16 0:00,1606404.441,434763
20-10-16 0:00,1722065.561,435177
23-10-16 0:00,1815470.125,435634
26-10-16 0:00,1752432.968,436054
29-10-16 0:00,1878507.282,436517
01-11-16 0:00,1815470.125,436976
04-11-16 0:00,1462462.045,437380
07-11-16 0:00,1847956.772,437826
10-11-16 0:00,2126416.012,438310
13-11-16 0:00,1809985.057,438783
16-11-16 0:00,2177044.964,439282
19-11-16 0:00,1989192.74,439731
22-11-16 0:00,1877125.543,440132
25-11-16 0:00,2129276.735,440593
28-11-16 0:00,2297377.53,441054
01-12-16 0:00,2045226.338,441491
04-12-16 0:00,2109770.131,441954
07-12-16 0:00,2494660.628,442430
10-12-16 0:00,1881686.874,442854
13-12-16 0:00,2537426.239,443375
16-12-16 0:00,2050571.629,443774
19-12-16 0:00,2343510.433,444210
22-12-16 0:00,2451435.255,444666
25-12-16 0:00,2574777.91,445120
28-12-16 0:00,2589949.671,445582
31-12-16 0:00,2337271.654,446037
03-01-17 0:00,2589949.671,446516
06-01-17 0:00,2542572.542,446970
09-01-17 0:00,2147763.141,447411
12-01-17 0:00,2897297.864,447896
15-01-17 0:00,2796813.545,448385
18-01-17 0:00,2528855.361,448862
21-01-17 0:00,3031276.956,449406
24-01-17 0:00,2910612.149,449867
27-01-17 0:00,3320832.653,450341
30-01-17 0:00,2852009.22,450804
02-02-17 0:00,3066886.627,451298
05-02-17 0:00,3336807.821,451750
08-02-17 0:00,3063987.056,452172
11-02-17 0:00,2917083.567,452627
14-02-17 0:00,3546669.948,453099
17-02-17 0:00,3168918.119,453540
20-02-17 0:00,3242870.593,453973
23-02-17 0:00,3286693.168,454399
26-02-17 0:00,3900209.227,454907
01-03-17 0:00,3155225.442,455348
04-03-17 0:00,3069265.85,455788
07-03-17 0:00,3504460.261,456230
10-03-17 0:00,3573175.168,456676
13-03-17 0:00,3321220.509,457125
16-03-17 0:00,3504460.261,457576
19-03-17 0:00,3925474.045,458052
22-03-17 0:00,3807236.875,458489
25-03-17 0:00,3145108.723,458946
28-03-17 0:00,3665352.271,459399
31-03-17 0:00,3352999.966,459836
03-04-17 0:00,4371318.475,460302
06-04-17 0:00,3651044.408,460736
09-04-17 0:00,3949088.849,461194
12-04-17 0:00,3526859.224,461650
15-04-17 0:00,3909321.047,462066
18-04-17 0:00,3779873.33,462496
21-04-17 0:00,4323553.741,462944
24-04-17 0:00,3210303.377,463366
27-04-17 0:00,3814281.634,463814
30-04-17 0:00,3918071.61,464274
03-05-17 0:00,3425069.222,464714
06-05-17 0:00,4359179.01,465179
09-05-17 0:00,4021861.587,465681
12-05-17 0:00,4286790.827,466118
15-05-17 0:00,4732171.692,466610
18-05-17 0:00,3952755.178,467039
21-05-17 0:00,4091936.698,467515
24-05-17 0:00,4562009.633,467983
27-05-17 0:00,4976737.782,468467
30-05-17 0:00,5302595.613,468962
02-06-17 0:00,4325022.12,469442
05-06-17 0:00,5533581.086,469959
08-06-17 0:00,5567322.434,470440
11-06-17 0:00,4926236.821,470878
14-06-17 0:00,4723788.732,471306
17-06-17 0:00,5129905.644,471752
20-06-17 0:00,4882255.027,472186
23-06-17 0:00,5660585.539,472625
26-06-17 0:00,5023769.665,473035
29-06-17 0:00,4245439.154,473443
02-07-17 0:00,6622798.791,473949
05-07-17 0:00,5248920.318,474421
08-07-17 0:00,5812562.768,474876
11-07-17 0:00,6094383.994,475384
14-07-17 0:00,5559049.844,475857
17-07-17 0:00,5918988.323,476295
20-07-17 0:00,6478892.624,476771
23-07-17 0:00,6878824.267,477257
26-07-17 0:00,5878995.159,477730
29-07-17 0:00,6713613.086,478191
01-08-17 0:00,6371518.151,478632
04-08-17 0:00,7654374.155,479101
07-08-17 0:00,6542565.619,479571
10-08-17 0:00,6149818.078,480007
13-08-17 0:00,6792336.385,480434
16-08-17 0:00,5966241.419,480846
19-08-17 0:00,6930018.879,481325
22-08-17 0:00,4084580.664,481659
25-08-17 0:00,4459277.508,482020
28-08-17 0:00,5695512.856,482409
31-08-17 0:00,7196655.78,482889
03-09-17 0:00,6799294.418,483381
06-09-17 0:00,7430760.766,483915
09-09-17 0:00,7751843.021,484435
12-09-17 0:00,8623352,484935
15-09-17 0:00,8256400.851,485479
18-09-17 0:00,6965995.452,485951
21-09-17 0:00,9653662.988,486400
24-09-17 0:00,7953301.894,486850
27-09-17 0:00,8063002.609,487260
30-09-17 0:00,7569349.388,487744
03-10-17 0:00,10223761.09,488207
06-10-17 0:00,8882939.962,488625
09-10-17 0:00,8994675.056,489126
12-10-17 0:00,8547734.68,489578
15-10-17 0:00,11601113.07,490050
18-10-17 0:00,8983426.015,490539
21-10-17 0:00,9102411.79,491049
24-10-17 0:00,9935312.215,491569
27-10-17 0:00,7510989.944,492038
30-10-17 0:00,10616495.4,492424
02-11-17 0:00,10833158.57,492868
05-11-17 0:00,10183169.06,493258
08-11-17 0:00,10399832.23,493691
11-11-17 0:00,5426063.163,494044
14-11-17 0:00,8681701.061,494392
17-11-17 0:00,11326906.85,494863
20-11-17 0:00,11869513.17,495334
23-11-17 0:00,10648648.96,495812
26-11-17 0:00,10244850.06,496270
29-11-17 0:00,11584046.14,496769
02-12-17 0:00,10780528.49,497280
05-12-17 0:00,11918845.17,497815
08-12-17 0:00,12337090.77,498311
11-12-17 0:00,13523349.5,498820
14-12-17 0:00,14630524.31,499347
17-12-17 0:00,14630524.31,499872
20-12-17 0:00,12663310.64,500330
23-12-17 0:00,12942648.37,500756
26-12-17 0:00,13221986.11,501185
29-12-17 0:00,15363575.41,501655
01-01-18 0:00,14975580.96,502121
04-01-18 0:00,16127548.73,502617
07-01-18 0:00,15551564.84,503090
10-01-18 0:00,15935554.1,503586
13-01-18 0:00,16501289.11,504106
16-01-18 0:00,17608758.18,504570
19-01-18 0:00,18273239.62,505075
22-01-18 0:00,18494733.44,505607
25-01-18 0:00,20445148.56,506118
28-01-18 0:00,20445148.56,506588
31-01-18 0:00,15139761.91,507020
03-02-18 0:00,20445148.56,507506
06-02-18 0:00,24293141.32,508039
09-02-18 0:00,19291612.22,508446
12-02-18 0:00,23721537.99,508906
15-02-18 0:00,18720008.9,509380
18-02-18 0:00,23149934.67,509848
21-02-18 0:00,25265138.83,510320
24-02-18 0:00,21677190.12,510762
27-02-18 0:00,23919658.06,511234
02-03-18 0:00,23321666.61,511710
05-03-18 0:00,24372959.73,512187
08-03-18 0:00,26499459.57,512662
11-03-18 0:00,25027267.37,513101
14-03-18 0:00,23555075.18,513564
17-03-18 0:00,24372959.73,514013
20-03-18 0:00,21859737.32,514446
23-03-18 0:00,22892480.81,514874
26-03-18 0:00,25818587.38,515315
29-03-18 0:00,26162835.21,515754
01-04-18 0:00,28274794.22,516206
04-04-18 0:00,25656757.72,516672
07-04-18 0:00,31416438.02,517146
10-04-18 0:00,28623865.75,517618
13-04-18 0:00,28798401.52,518098
16-04-18 0:00,26910340.43,518539
19-04-18 0:00,33971919.13,519039
22-04-18 0:00,30536556.52,519495
25-04-18 0:00,23474977.82,519930
28-04-18 0:00,25592018.83,520341
01-05-18 0:00,31590148.24,520812
04-05-18 0:00,27591395.3,521241
07-05-18 0:00,29990647.07,521689
10-05-18 0:00,30790397.65,522142
13-05-18 0:00,30487010.81,522582
16-05-18 0:00,36872803.62,523039
19-05-18 0:00,31722970.71,523473
22-05-18 0:00,31104990.76,523925
25-05-18 0:00,37681533.93,524406
28-05-18 0:00,33399541.44,524888
31-05-18 0:00,36396936.18,525371
03-06-18 0:00,34898238.81,525852
06-06-18 0:00,36103754.49,526357
09-06-18 0:00,35121339.4,526788
12-06-18 0:00,35612546.94,527200
15-06-18 0:00,37577377.12,527649
18-06-18 0:00,40279018.61,528136
21-06-18 0:00,42908653.83,528616
24-06-18 0:00,43161057.68,529098
27-06-18 0:00,30540865.37,529522
30-06-18 0:00,35588942.3,529971
03-07-18 0:00,30929068.69,530375
06-07-18 0:00,42660784.4,530806
09-07-18 0:00,36261666.74,531256
12-07-18 0:00,37594816.26,531681
15-07-18 0:00,35461777.04,532090
18-07-18 0:00,44793365.52,532543
21-07-18 0:00,35268339.52,533005
24-07-18 0:00,40931868.49,533512
27-07-18 0:00,42991333.57,534021
30-07-18 0:00,39630250.21,534470
02-08-18 0:00,45249464.79,534920
05-08-18 0:00,47319701.74,535422
08-08-18 0:00,46432457.33,535861
11-08-18 0:00,53994493.05,536356
14-08-18 0:00,43195594.44,536797
17-08-18 0:00,48277429.08,537268
20-08-18 0:00,47642199.75,537723
23-08-18 0:00,47324585.09,538180
26-08-18 0:00,57853309.21,538634
29-08-18 0:00,46483294.68,539111
01-09-18 0:00,50496240.99,539571
04-09-18 0:00,42135936.19,539985
07-09-18 0:00,53036795.53,540419
10-09-18 0:00,47105048.66,540867
13-09-18 0:00,51641090.38,541324
16-09-18 0:00,48500753.8,541735
19-09-18 0:00,54432500.67,542168
22-09-18 0:00,55111696.54,542621
25-09-18 0:00,60089527.19,543088
28-09-18 0:00,54756137.2,543524
01-10-18 0:00,56178374.53,543997
04-10-18 0:00,55588275.24,544429
07-10-18 0:00,52623567.23,544826
10-10-18 0:00,53364744.23,545235
13-10-18 0:00,52252978.72,545667
16-10-18 0:00,50029447.71,546078
19-10-18 0:00,50702736.58,546496
22-10-18 0:00,55344536.41,546932
25-10-18 0:00,48917428.96,547336
28-10-18 0:00,49988613.53,547755
31-10-18 0:00,58201028.61,548218
03-11-18 0:00,57499331.8,548676
06-11-18 0:00,45713754.47,549071
09-11-18 0:00,45356615.77,549449
12-11-18 0:00,49999418.96,549866
15-11-18 0:00,45356615.77,550248
18-11-18 0:00,40680711.65,550642
21-11-18 0:00,34727436.77,551005
24-11-18 0:00,47295461.51,551395
27-11-18 0:00,43326611.59,551764
30-11-18 0:00,33404486.8,552088
03-12-18 0:00,31998005.4,552440
06-12-18 0:00,37892374.82,552843
09-12-18 0:00,35927585.01,553212
12-12-18 0:00,33682110.95,553581
15-12-18 0:00,41821954.43,554007
18-12-18 0:00,32491732.53,554410
21-12-18 0:00,35537832.46,554834
24-12-18 0:00,38583932.39,555337
27-12-18 0:00,44168448.91,555827
30-12-18 0:00,44676132.24,556308
02-01-19 0:00,42174589.1,556763
05-01-19 0:00,45526212.08,557230
08-01-19 0:00,47202023.57,557681
11-01-19 0:00,41336683.36,558149
14-01-19 0:00,43581703.06,558573
17-01-19 0:00,37146820.73,558965
20-01-19 0:00,45921660.27,559393
23-01-19 0:00,42704219.1,559819
26-01-19 0:00,43874197.71,560269
29-01-19 0:00,42201068.25,560697
01-02-19 0:00,45669649.2,561146
04-02-19 0:00,42490116.66,561575
07-02-19 0:00,50294423.8,562060
10-02-19 0:00,42184762.96,562513
13-02-19 0:00,46101919.52,562939
16-02-19 0:00,45197960.32,563357
19-02-19 0:00,47005878.73,563827
22-02-19 0:00,48813797.14,564238
25-02-19 0:00,43162133.91,564661
28-02-19 0:00,45274965.64,565113
03-03-19 0:00,44067633.23,565553
06-03-19 0:00,38634637.35,565967
09-03-19 0:00,41652968.39,566393
12-03-19 0:00,43141131.59,566814
15-03-19 0:00,46157993.94,567257
18-03-19 0:00,48571483.82,567727
21-03-19 0:00,43141131.59,568205
24-03-19 0:00,47567250.84,568661
27-03-19 0:00,47250135.84,569092
30-03-19 0:00,44078985.78,569524
02-04-19 0:00,49787055.88,569956
05-04-19 0:00,50104170.89,570396
08-04-19 0:00,47034242.04,570824
11-04-19 0:00,49894432.44,571261
14-04-19 0:00,38771469.79,571669
17-04-19 0:00,43856252.72,572097
20-04-19 0:00,41631660.19,572529
23-04-19 0:00,36634060.02,572941
26-04-19 0:00,47687440.2,573398
29-04-19 0:00,51477170.55,573861
02-05-19 0:00,58109198.65,574356
05-05-19 0:00,42978500.7,574769
08-05-19 0:00,50641334.15,575199
11-05-19 0:00,43311667.37,575604
14-05-19 0:00,50641334.15,576081
17-05-19 0:00,50308167.48,576527
20-05-19 0:00,53659544.83,577004
23-05-19 0:00,52659677.53,577482
26-05-19 0:00,54992701.22,577940
29-05-19 0:00,57992303.11,578445
01-06-19 0:00,55994233.74,578873
04-06-19 0:00,57106701.96,579277
07-06-19 0:00,58589992.92,579752
10-06-19 0:00,58219170.18,580180
13-06-19 0:00,55994233.74,580605
16-06-19 0:00,47882020.48,581050
19-06-19 0:00,65193212.5,581523
22-06-19 0:00,51933576.06,581941
25-06-19 0:00,53775192.23,582445
28-06-19 0:00,64293187.57,582915
01-07-19 0:00,56404452.9,583384
04-07-19 0:00,65870934.51,583881
07-07-19 0:00,60348820.24,584401
10-07-19 0:00,58125055.93,584862
13-07-19 0:00,63532037.88,585296
16-07-19 0:00,72994256.29,585749
19-07-19 0:00,53168655.82,586121
22-07-19 0:00,71191928.97,586605
25-07-19 0:00,67211666.92,587037
28-07-19 0:00,78413611.41,587530
31-07-19 0:00,76621300.29,588011
03-08-19 0:00,77517455.85,588495
06-08-19 0:00,79916269.03,588966
09-08-19 0:00,72967028.25,589408
12-08-19 0:00,66017787.46,589845
15-08-19 0:00,77930771.67,590311
18-08-19 0:00,63784218.43,590712
21-08-19 0:00,68846457.98,591164
24-08-19 0:00,80995832.92,591618
27-08-19 0:00,68340234.03,592045
30-08-19 0:00,80995832.92,592521
02-09-19 0:00,79786349.93,592979
05-09-19 0:00,88354011.67,593444
08-09-19 0:00,94779757.97,593929
11-09-19 0:00,98528109.98,594441
14-09-19 0:00,91618125.63,594904
17-09-19 0:00,87480532.86,595362
20-09-19 0:00,89253786.9,595835
23-09-19 0:00,67383653.69,596281
26-09-19 0:00,108464284.8,596765
29-09-19 0:00,86263992.57,597192
02-10-19 0:00,93875521.33,597613
